raw_message_id,parse_status,reply_to_message_id,raw_text,warning_text,warnings_summary,primary_intent,intents,action_types,actions_structured_summary,symbol,direction,signal_id,linking_strategy,reported_results,reported_profit_percent,reported_leverage_hint,notes_summary,target_refs_count,links_count,hashtags_count,validation_warning_count,diagnostics_summary
2468,PARSED,,"[trader#3] VIP MARKET UPDATE: $BTC
➖➖➖➖➖➖➖
Bitcoin got rejected from the key horizontal resistance zone near $116,000 after multiple failed breakout attempts. The price has now broken below the ascending trendline support, signaling a potential shift in short-term momentum.

As long as BTC trades below the broken trendline, bearish pressure may continue, with the next support area seen around $108,000. A reclaim and retest above the trendline would be the first sign of recovery and potential bullish continuation.
➖➖➖➖➖➖➖",,,,,MARKET_COMMENTARY,MARKET_COMMENTARY,,,,,,,,,0,0,0,0,
2466,PARSED,,"[trader#3] VIP MARKET UPDATE: $BTC 🔥
➖➖➖➖➖➖➖
BTC pulled back and then perfectly bounced from the $108K level as predicted. 

However, it is still trading below the triangle, indicating short-term indecision in the market.

Once BTC breaks above this structure, we can expect bullish momentum to return soon.
➖➖➖➖➖➖➖",,,,,MARKET_COMMENTARY,MARKET_COMMENTARY,,,,,,,,,0,0,0,0,
2446,PARSED,,"[trader#3] VIP MARKET UPDATE: $ETC
➖➖➖➖➖➖➖
ETC has broken out of the descending triangle and is currently pulling back for a retest. 

A successful retest would confirm bullish momentum and signal continued upside potential.
➖➖➖➖➖➖➖",,,,,MARKET_COMMENTARY,MARKET_COMMENTARY,,,,,,,,,0,0,0,0,
2445,PARSED,,"[trader#3] VIP MARKET UPDATE: $4
➖➖➖➖➖➖➖
$4 has confirmed a breakout from the descending trendline, now consolidating near $0.094 expecting bullish momentum. 

If price sustains above $0.088–$0.090, continuation toward $0.120–$0.140 looks likely. However, a short-term retest toward $0.085 may occur before the next impulsive move higher.
➖➖➖➖➖➖➖",,,,,MARKET_COMMENTARY,MARKET_COMMENTARY,,,,,,,,,0,0,0,0,
2443,PARSED,,"[trader#3] VIP MARKET UPDATE: $BTC
➖➖➖➖➖➖➖
Bitcoin is consolidating below the descending trendline, showing seller pressure at lower highs. Price bounced from the support but hasn’t confirmed strength yet.

A breakout and retest above the trendline would signal bullish momentum, while rejection may send BTC back toward 108,900 or even the 106,000 demand zone.
➖➖➖➖➖➖➖",,,,,MARKET_COMMENTARY,MARKET_COMMENTARY,,,,,,,,,0,0,0,0,
2442,PARSED,,"[trader#3] VIP MARKET UPDATE: $BTC
➖➖➖➖➖➖➖
BTC has lost momentum and is currently moving toward the $106K horizontal support, a key zone for bulls to step in and regain strength. 

In case of a confirmed breakdown and retest of this support could open the door for further correction in the market.
➖➖➖➖➖➖➖",,,,,MARKET_COMMENTARY,MARKET_COMMENTARY,,,,,,,,,0,0,0,0,
2441,PARSED,,"[trader#3] VIP MARKET UPDATE: $BTC
➖➖➖➖➖➖➖

BTC regaining momentum from the horizontal support.

➖➖➖➖➖➖➖",,,,,MARKET_COMMENTARY,MARKET_COMMENTARY,,,,,,,,,0,0,0,0,
2438,PARSED,,"[trader#3] VIP MARKET UPDATE: $BTC
➖➖➖➖➖➖➖
Bitcoin is currently trading near a key support zone after a sharp pullback, holding around the $106K area. Price has been consistently making lower highs under the descending trendline, showing persistent seller presence and a lack of bullish strength on attempts to push higher.

A rebound from this support could bring a short-term relief bounce, but bulls need a breakout above the descending trendline to shift momentum. If this support fails and price breaks below the zone with strong volume, further downside toward lower levels may follow.
➖➖➖➖➖➖➖",,,,,MARKET_COMMENTARY,MARKET_COMMENTARY,,,,,,,,,0,0,0,0,
2435,PARSED,,"[trader#3] VIP MARKET UPDATE: $BTC
➖➖➖➖➖➖➖
BTC is losing the key support/resistance level and attempting to break below the trendline support. 

A candle close beneath both the trendline and the S/R level would confirm bearish momentum. 

However, if price reclaims the S/R level, the breakdown may turn out to be a bearish trap.
➖➖➖➖➖➖➖",,,,,MARKET_COMMENTARY,MARKET_COMMENTARY,,,,,,,,,0,0,0,0,
2434,PARSED,,"[trader#3] VIP MARKET UPDATE: $BTC
➖➖➖➖➖➖➖
$BTC is currently trading around $101,900 and testing the $99,000–$101,000 demand zone, where buyers have stepped in several times in the past.

If price holds above this zone, a bounce toward $106,000–$110,000 could follow. However, if it breaks below $98,000, we can expect the price drops towards $92,000 - $95,000.
➖➖➖➖➖➖➖",,,,,MARKET_COMMENTARY,MARKET_COMMENTARY,,,,,,,,,0,0,0,0,
2433,PARSED,,"[trader#3] VIP MARKET UPDATE: $AVAX
➖➖➖➖➖➖➖
$AVAX is currently trading around $16.50, testing the $15–$16 major support zone.

If buyers hold this level, a rebound toward $18–$20 could follow. However, a breakdown below $15 may trigger a deeper correction toward $12–$13.
➖➖➖➖➖➖➖",,,,,MARKET_COMMENTARY,MARKET_COMMENTARY,,,,,,,,,0,0,0,0,
2431,PARSED,,"[trader#3] VIP MARKET UPDATE: $BTC
➖➖➖➖➖➖➖
$BTC has reacted strongly from the $99,000–$101,000 demand zone, now trading around $103,900, up +4.9%🔥

If momentum holds, price could revisit $106,000–$108,000 next. However, failure to sustain above $102,000 might lead to another retest of the $100,000 zone.
➖➖➖➖➖➖➖",,,,,MARKET_COMMENTARY,MARKET_COMMENTARY,,,,,,,,,0,0,0,0,
2400,PARSED,,"[trader#3] VIP MARKET UPDATE: $BTC DOMINANCE 🔥
➖➖➖➖➖➖➖
BTC.D perfectly moved as predicted, and we've seen a nice bullish rally in Alts.
➖➖➖➖➖➖➖",,,,,MARKET_COMMENTARY,MARKET_COMMENTARY,,,,,,,,,0,0,0,0,
2396,PARSED,,"[trader#3] VIP MARKET UPDATE: $ETH
➖➖➖➖➖➖➖
ETH is forming an ascending triangle on the 1H timeframe. It was recently rejected from the horizontal resistance and is now moving toward the trendline support. 

A bounce from the trendline support is expected, and a breakout with a successful retest of the triangle would confirm a bullish move.
➖➖➖➖➖➖➖",,,,,MARKET_COMMENTARY,MARKET_COMMENTARY,,,,,,,,,0,0,0,0,
2394,PARSED,,"[trader#3] VIP MARKET UPDATE: $ICP
➖➖➖➖➖➖➖
$ICP is currently trading around $9.16, breaking out of a long-term descending wedge pattern. The price breakout with strong volume, signaling bullish momentum.

If price holds above $8.5–$9, continuation toward $11–$13 remains likely. However, a weekly close below $7.00 could invalidate the breakout and trigger a retest toward $6.5–$5. before any further upside.
➖➖➖➖➖➖➖",,,,,MARKET_COMMENTARY,MARKET_COMMENTARY,,,,,,,,,0,0,0,0,
2380,PARSED,,"[trader#3] VIP MARKET UPDATE: $BTC
➖➖➖➖➖➖➖
BTC is forming a falling wedge on the 30M chart after a strong bullish rally, a potential continuation pattern. A breakout above the wedge could spark another upward move.
➖➖➖➖➖➖➖",,,,,MARKET_COMMENTARY,MARKET_COMMENTARY,,,,,,,,,0,0,0,0,
2373,PARSED,,"[trader#3] VIP MARKET UPDATE: $MYX
➖➖➖➖➖➖➖
$MYX has broken out of the falling wedge pattern, showing a clear shift in momentum after a prolonged downtrend. 

If price holds above $2.2, continuation toward $2.8 - $3.5 looks likely in the coming days. However, a dip back below $2 could invalidate the setup.
➖➖➖➖➖➖➖",,,,,MARKET_COMMENTARY,MARKET_COMMENTARY,,,,,,,,,0,0,0,0,
2350,PARSED,,"[trader#3] VIP MARKET UPDATE: $BNB
➖➖➖➖➖➖➖
$BNB is  consolidating just below the  resistance zone, forming higher lows along an ascending trendline. Structure shows steady accumulation and building bullish momentum.

A breakout and sustained move above $1000 could trigger continuation toward $1040–$1080, while holding above $980 keeps the bias bullish. A drop below $960 would weaken the structure.
➖➖➖➖➖➖➖",,,,,MARKET_COMMENTARY,MARKET_COMMENTARY,,,,,,,,,0,0,0,0,
2294,PARSED,,"[trader#3] VIP MARKET UPDATE: $ETH
➖➖➖➖➖➖➖
ETH is forming a potential bullish harmonic pattern on ETH (1H timeframe). The price is approaching the D point, near the completion zone around $3,390, which could act as a strong reversal area.

As long as ETH holds above the invalidation point near $3,353, a bounce toward the $3,520-$3650 zone is likely. A breakdown below that invalidation level, however, would invalidate the bullish setup.
➖➖➖➖➖➖➖",,,,,MARKET_COMMENTARY,MARKET_COMMENTARY,,,,,,,,,0,0,0,0,
2287,PARSED,,"[trader#3] VIP MARKET UPDATE: $BTC DOMINANCE 🔥
➖➖➖➖➖➖➖
BTC.D has perfectly broken down from the triangle and is currently retesting below it. 

A successful retest would confirm a bearish move, which is typically a bullish signal for altcoins, as they usually move in the opposite direction.
➖➖➖➖➖➖➖",,,,,MARKET_COMMENTARY,MARKET_COMMENTARY,,,,,,,,,0,0,0,0,
2269,PARSED,,"[trader#3] VIP MARKET UPDATE: $ETH 🔥
➖➖➖➖➖➖➖
ETH perfectly bounced after touching the reversal zone, just as predicted.

It’s now facing the descending trendline, a breakout and retest above it would confirm further bullish momentum.
➖➖➖➖➖➖➖",,,,,MARKET_COMMENTARY,MARKET_COMMENTARY,,,,,,,,,0,0,0,0,
2260,PARSED,,"[trader#3] VIP MARKET UPDATE
➖➖➖➖➖➖➖
The market appears to be quite volatile. It may be wise to consider slightly reducing position sizes in long trades to manage risk more effectively.
➖➖➖➖➖➖➖",,,,,MARKET_COMMENTARY,MARKET_COMMENTARY,,,,,,,,,0,0,0,0,
2255,PARSED,,"[trader#3] VIP MARKET UPDATE
➖➖➖➖➖➖➖
The market remains highly volatile. As shared earlier, it's important to stick tightly to your stop losses. Consider closing half of your positions on SUI, AVAX & SOL to reduce exposure and protect capital. Risk management is key in these conditions.
➖➖➖➖➖➖➖",,,,,MARKET_COMMENTARY,MARKET_COMMENTARY,,,,,,,,,0,0,0,0,
2238,PARSED,,"[trader#3] VIP MARKET UPDATE: $BTC
➖➖➖➖➖➖➖
$BTC faced rejection and struggling under the descending trendline, and price has now slipped back into the DEMAND ZONE, The repeated rejection near $103,000–$104,000 confirms that bulls are losing momentum for now.

For strength to return, $BTC must break and reclaim $104,000–$106,000, which would open the door toward $108,000–$110,000. However, failure to bounce soon from the demand zone could expose price to a deeper move toward $96,000 –$93,000.
➖➖➖➖➖➖➖",,,,,MARKET_COMMENTARY,MARKET_COMMENTARY,,,,,,,,,0,0,0,0,
2235,PARSED,,"[trader#3] VIP MARKET UPDATE
➖➖➖➖➖➖➖
Over $1,030,000,000 (1.03 BILLION) worth of crypto longs have been liquidated in the past 24 hours.

This sharp flush signals aggressive selling pressure, shaking out leveraged positions. Volatility may remain elevated across the market in the short term.
➖➖➖➖➖➖➖",,,,,MARKET_COMMENTARY,MARKET_COMMENTARY,,,,,,,,,0,0,0,0,
2230,PARSED,,"[trader#3] VIP MARKET UPDATE: $ETH
➖➖➖➖➖➖➖
ETH is currently trying to hold above the trendline support while trading below the horizontal resistance. 

Bulls need to reclaim the horizontal resistance for bullish confirmation, whereas a candle close below the trendline support would signal further bearish continuation.
➖➖➖➖➖➖➖",,,,,MARKET_COMMENTARY,MARKET_COMMENTARY,,,,,,,,,0,0,0,0,
2224,PARSED,,"[trader#3] VIP MARKET UPDATE: $ETH
➖➖➖➖➖➖➖
ETH has broken below the mid-range demand zone (~$3,350–$3,250), turning it into resistance. Sellers are currently in control, and the price is heading toward the next major demand zone around $3,050–$2,880, which is the strongest near-term support.

If ETH holds and reacts bullishly from this lower demand zone, a bounce toward the previous breakdown zone (~$3,300) is likely. But a clean breakdown below $2,880 would open the door for a deeper drop toward the next major demand area around $2,480–$2,430.
➖➖➖➖➖➖➖",,,,,MARKET_COMMENTARY,MARKET_COMMENTARY,,,,,,,,,0,0,0,0,
2215,PARSED,,"[trader#3] VIP MARKET UPDATE: $IMX
➖➖➖➖➖➖➖
IMX is currently trading above the horizontal support. A bounce from this level followed by a breakout and retest of the descending trendline would confirm a bullish move.

However, a breakdown and retest of the horizontal support would signal potential downside momentum.
➖➖➖➖➖➖➖",,,,,MARKET_COMMENTARY,MARKET_COMMENTARY,,,,,,,,,0,0,0,0,
2212,PARSED,,"[trader#3] VIP MARKET UPDATE
➖➖➖➖➖➖➖
The market is currently in a state of extreme fear, and a bounce is likely soon.
➖➖➖➖➖➖➖",,,,,MARKET_COMMENTARY,MARKET_COMMENTARY,,,,,,,,,0,0,0,0,
2203,PARSED,,"[trader#3] VIP MARKET UPDATE: $ENA
➖➖➖➖➖➖➖
$ENA is currently holding above the $0.25–$0.28 SUPPORT zone, where buyers have reacted multiple times previously. This area continues to act as a strong DEMAND region after the pullback.

If $ENA maintains SUPPORT and builds momentum, a bounce toward $0.32 - $0.42 looks likely. However, a breakdown below $0.23 may trigger deeper correction.
➖➖➖➖➖➖➖",,,,,MARKET_COMMENTARY,MARKET_COMMENTARY,,,,,,,,,0,0,0,0,
2154,PARSED,,"[trader#3] VIP MARKET UPDATE: $ETH
➖➖➖➖➖➖➖
$ETH has perfectly followed our previous analysis, price broke above $3,150 and reclaimed $3,170. $ETH up +5.6% from yesterday’s lows, showing buyers stepping back in.🔥

If $ETH holds above $3,100, continuation toward $3,300–$3,400 becomes likely as bullish momentum builds.
However, a drop back below $3,000 may signal weakness and another retest of the $2,900–$2,850 region is possible.
➖➖➖➖➖➖➖",,,,,MARKET_COMMENTARY,MARKET_COMMENTARY,,,,,,,,,0,0,0,0,
1983,PARSED,,"[trader#3] VIP MARKET UPDATE: $BTC
➖➖➖➖➖➖➖
BTC is attempting to regain momentum from the horizontal support. The RSI is in the oversold region and showing hidden bullish divergence, suggesting strengthening buyer interest. 

A bounce is expected from the current support. However, if a breakdown and retest occur, the price may find its next rebound from the lower marked horizontal support.
➖➖➖➖➖➖➖",,,,,MARKET_COMMENTARY,MARKET_COMMENTARY,,,,,,,,,0,0,0,0,
1979,PARSED,,"[trader#3] VIP MARKET UPDATE: $BTC 🔥
➖➖➖➖➖➖➖
BTC perfectly bounced from the horizontal support after creating a hidden bullish divergence just as predicted.

Holding above this support keeps the short-term outlook bullish.
➖➖➖➖➖➖➖",,,,,MARKET_COMMENTARY,MARKET_COMMENTARY,,,,,,,,,0,0,0,0,
1969,PARSED,,"[trader#3] VIP MARKET UPDATE: $BTC 🔥
➖➖➖➖➖➖➖
We identified the perfect oversold region, and BTC pumped exactly from our marked reversal zone, right on target.
➖➖➖➖➖➖➖",,,,,MARKET_COMMENTARY,MARKET_COMMENTARY,,,,,,,,,0,0,0,0,
